{
  "resnet50": {
    "train_loss": [
      0.9288574543298053,
      0.6955753061396387,
      0.6597301461507598,
      0.6414516424888845,
      0.6326579678317775,
      0.6215466847047781,
      0.6159332826009492,
      0.6200637207235522,
      0.6137724558410742,
      0.6086937269515089,
      0.6036309843020671,
      0.6042702313503037,
      0.6010686320721951,
      0.5994960300986419,
      0.6033303811574531
    ],
    "train_acc": [
      71.396,
      76.656,
      77.632,
      78.262,
      78.416,
      78.624,
      78.936,
      78.814,
      79.164,
      79.106,
      79.196,
      79.212,
      79.436,
      79.512,
      79.438
    ],
    "test_loss": [
      0.5527948788396871,
      0.4843853674117167,
      0.47202892297772087,
      0.44571237788078893,
      0.4371911705869019,
      0.4276899337578731,
      0.4337813575176676,
      0.43111643878517636,
      0.4284076619489937,
      0.4232302629833768,
      0.4219168324948876,
      0.42714194165673225,
      0.419632545702017,
      0.4179525753115393,
      0.4184866720324109
    ],
    "test_acc": [
      82.49,
      83.95,
      84.06,
      85.04,
      85.13,
      85.41,
      85.46,
      85.17,
      85.6,
      85.6,
      85.66,
      85.34,
      85.64,
      85.8,
      85.67
    ],
    "epoch_times": [
      207.6302125453949,
      208.9614999294281,
      209.30206608772278,
      209.06775641441345,
      209.63287353515625,
      209.32798051834106,
      209.92297768592834,
      209.51904296875,
      209.16701126098633,
      209.42441296577454,
      209.2950563430786,
      209.86797285079956,
      210.08499479293823,
      210.57930493354797,
      209.9734194278717
    ],
    "total_training_time": 3141.7591347694397,
    "total_params": 23528522,
    "trainable_params": 20490,
    "model_size_mb": 89.75418853759766,
    "best_test_acc": 85.8,
    "final_test_loss": 0.4184866720324109
  },
  "inceptionv3": {
    "train_loss": [
      1.7129237667069106,
      1.5113252975294351,
      1.5011057301098123,
      1.5044546715743707,
      1.5038763026294806,
      1.471745771901382,
      1.4519048952842917,
      1.445450961970917,
      1.455670991821972,
      1.4478473015453504,
      1.4302066556175652,
      1.4199096979692465,
      1.4254142963672842,
      1.4130763178286345,
      1.4181527671454204
    ],
    "train_acc": [
      56.418,
      60.618,
      61.036,
      60.828,
      61.122,
      61.726,
      62.234,
      62.352,
      62.062,
      62.03,
      62.694,
      62.958,
      62.808,
      63.188,
      62.926
    ],
    "test_loss": [
      0.8993212675592702,
      0.8177455101802851,
      0.8080345263147051,
      0.8039746850159517,
      0.8014041124635441,
      0.7843194812726063,
      0.7891621361872193,
      0.768513240821802,
      0.7788411029584849,
      0.7817967067098921,
      0.7767521222685553,
      0.7751136771432913,
      0.7869063441161137,
      0.7648606423739415,
      0.7786946740879375
    ],
    "test_acc": [
      71.17,
      72.72,
      73.35,
      73.29,
      73.32,
      74.54,
      74.0,
      74.62,
      74.72,
      74.83,
      75.16,
      74.64,
      74.61,
      75.19,
      74.78
    ],
    "epoch_times": [
      291.0423626899719,
      291.8924558162689,
      291.2289228439331,
      291.73557806015015,
      289.2354657649994,
      291.38226795196533,
      291.20404529571533,
      290.285010099411,
      290.2335555553436,
      290.53226685523987,
      289.9061658382416,
      290.9218168258667,
      291.17516231536865,
      291.75665640830994,
      291.34293127059937
    ],
    "total_training_time": 4363.876596927643,
    "total_params": 24371444,
    "trainable_params": 28180,
    "model_size_mb": 92.96968078613281,
    "best_test_acc": 75.19,
    "final_test_loss": 0.7786946740879375
  },
  "confusion_matrix_resnet": [
    [
      835,
      13,
      18,
      9,
      4,
      3,
      6,
      5,
      74,
      33
    ],
    [
      5,
      943,
      1,
      3,
      0,
      0,
      1,
      0,
      9,
      38
    ],
    [
      25,
      4,
      771,
      49,
      48,
      27,
      52,
      4,
      19,
      1
    ],
    [
      5,
      1,
      29,
      739,
      29,
      120,
      42,
      9,
      12,
      14
    ],
    [
      16,
      2,
      39,
      19,
      813,
      20,
      35,
      43,
      10,
      3
    ],
    [
      2,
      3,
      9,
      84,
      10,
      862,
      9,
      14,
      3,
      4
    ],
    [
      4,
      2,
      13,
      30,
      15,
      11,
      918,
      4,
      3,
      0
    ],
    [
      17,
      3,
      15,
      24,
      33,
      49,
      6,
      841,
      4,
      8
    ],
    [
      33,
      10,
      6,
      5,
      0,
      1,
      7,
      2,
      925,
      11
    ],
    [
      13,
      40,
      3,
      6,
      0,
      2,
      2,
      2,
      12,
      920
    ]
  ],
  "confusion_matrix_inception": [
    [
      832,
      18,
      30,
      11,
      7,
      9,
      4,
      3,
      57,
      29
    ],
    [
      15,
      858,
      2,
      8,
      2,
      4,
      1,
      2,
      14,
      94
    ],
    [
      80,
      6,
      653,
      69,
      61,
      24,
      73,
      9,
      21,
      4
    ],
    [
      31,
      6,
      73,
      589,
      35,
      148,
      75,
      8,
      13,
      22
    ],
    [
      28,
      1,
      84,
      60,
      658,
      26,
      51,
      57,
      20,
      15
    ],
    [
      13,
      3,
      40,
      146,
      24,
      714,
      20,
      27,
      8,
      5
    ],
    [
      18,
      0,
      43,
      69,
      33,
      12,
      816,
      1,
      4,
      4
    ],
    [
      42,
      0,
      56,
      59,
      102,
      62,
      10,
      620,
      17,
      32
    ],
    [
      84,
      24,
      13,
      11,
      3,
      3,
      1,
      0,
      846,
      15
    ],
    [
      22,
      47,
      4,
      9,
      0,
      5,
      0,
      3,
      18,
      892
    ]
  ],
  "num_epochs": 15,
  "batch_size": 64,
  "learning_rate": 0.001,
  "dataset": "CIFAR-10",
  "num_classes": 10
}